﻿Domain Code,Domain,Area Code (FAO),Area,Element Code,Element,Item Code,Item,Year Code,Year,Unit,Value,Flag,Flag Description
"FBS","Food Balances (2010-)","8","Antigua and Barbuda","511","Total Population - Both sexes","2501","Population","2019","2019","1000 persons","97","*","Unofficial figure"
"FBS","Food Balances (2010-)","12","Bahamas","511","Total Population - Both sexes","2501","Population","2019","2019","1000 persons","389","*","Unofficial figure"
"FBS","Food Balances (2010-)","14","Barbados","511","Total Population - Both sexes","2501","Population","2019","2019","1000 persons","287","*","Unofficial figure"
"FBS","Food Balances (2010-)","49","Cuba","511","Total Population - Both sexes","2501","Population","2019","2019","1000 persons","11333","*","Unofficial figure"
"FBS","Food Balances (2010-)","55","Dominica","511","Total Population - Both sexes","2501","Population","2019","2019","1000 persons","72","*","Unofficial figure"
"FBS","Food Balances (2010-)","56","Dominican Republic","511","Total Population - Both sexes","2501","Population","2019","2019","1000 persons","10739","*","Unofficial figure"
"FBS","Food Balances (2010-)","86","Grenada","511","Total Population - Both sexes","2501","Population","2019","2019","1000 persons","112","*","Unofficial figure"
"FBS","Food Balances (2010-)","93","Haiti","511","Total Population - Both sexes","2501","Population","2019","2019","1000 persons","11263","*","Unofficial figure"
"FBS","Food Balances (2010-)","109","Jamaica","511","Total Population - Both sexes","2501","Population","2019","2019","1000 persons","2948","*","Unofficial figure"
"FBS","Food Balances (2010-)","188","Saint Kitts and Nevis","511","Total Population - Both sexes","2501","Population","2019","2019","1000 persons","53","*","Unofficial figure"
"FBS","Food Balances (2010-)","189","Saint Lucia","511","Total Population - Both sexes","2501","Population","2019","2019","1000 persons","183","*","Unofficial figure"
"FBS","Food Balances (2010-)","191","Saint Vincent and the Grenadines","511","Total Population - Both sexes","2501","Population","2019","2019","1000 persons","111","*","Unofficial figure"
"FBS","Food Balances (2010-)","220","Trinidad and Tobago","511","Total Population - Both sexes","2501","Population","2019","2019","1000 persons","1395","*","Unofficial figure"
