﻿Domain Code,Domain,Area Code (FAO),Area,Element Code,Element,Item Code,Item,Year Code,Year,Unit,Value,Flag,Flag Description
"FBS","Food Balances (2010-)","23","Belize","511","Total Population - Both sexes","2501","Population","2019","2019","1000 persons","390","*","Unofficial figure"
"FBS","Food Balances (2010-)","48","Costa Rica","511","Total Population - Both sexes","2501","Population","2019","2019","1000 persons","5048","*","Unofficial figure"
"FBS","Food Balances (2010-)","60","El Salvador","511","Total Population - Both sexes","2501","Population","2019","2019","1000 persons","6454","*","Unofficial figure"
"FBS","Food Balances (2010-)","89","Guatemala","511","Total Population - Both sexes","2501","Population","2019","2019","1000 persons","17581","*","Unofficial figure"
"FBS","Food Balances (2010-)","95","Honduras","511","Total Population - Both sexes","2501","Population","2019","2019","1000 persons","9746","*","Unofficial figure"
"FBS","Food Balances (2010-)","138","Mexico","511","Total Population - Both sexes","2501","Population","2019","2019","1000 persons","127576","*","Unofficial figure"
"FBS","Food Balances (2010-)","157","Nicaragua","511","Total Population - Both sexes","2501","Population","2019","2019","1000 persons","6546","*","Unofficial figure"
"FBS","Food Balances (2010-)","166","Panama","511","Total Population - Both sexes","2501","Population","2019","2019","1000 persons","4246","*","Unofficial figure"
