﻿Domain Code,Domain,Area Code (FAO),Area,Element Code,Element,Item Code,Item,Year Code,Year,Unit,Value,Flag,Flag Description
"FBS","Food Balances (2010-)","108","Kazakhstan","511","Total Population - Both sexes","2501","Population","2019","2019","1000 persons","18551","*","Unofficial figure"
"FBS","Food Balances (2010-)","113","Kyrgyzstan","511","Total Population - Both sexes","2501","Population","2019","2019","1000 persons","6416","*","Unofficial figure"
"FBS","Food Balances (2010-)","208","Tajikistan","511","Total Population - Both sexes","2501","Population","2019","2019","1000 persons","9321","*","Unofficial figure"
"FBS","Food Balances (2010-)","213","Turkmenistan","511","Total Population - Both sexes","2501","Population","2019","2019","1000 persons","5942","*","Unofficial figure"
"FBS","Food Balances (2010-)","235","Uzbekistan","511","Total Population - Both sexes","2501","Population","2019","2019","1000 persons","32982","*","Unofficial figure"
