﻿Domain Code,Domain,Area Code (FAO),Area,Element Code,Element,Item Code,Item,Year Code,Year,Unit,Value,Flag,Flag Description
"FBS","Food Balances (2010-)","96","China, Hong Kong SAR","511","Total Population - Both sexes","2501","Population","2019","2019","1000 persons","7436","*","Unofficial figure"
"FBS","Food Balances (2010-)","128","China, Macao SAR","511","Total Population - Both sexes","2501","Population","2019","2019","1000 persons","640","*","Unofficial figure"
"FBS","Food Balances (2010-)","41","China, mainland","511","Total Population - Both sexes","2501","Population","2019","2019","1000 persons","1433784","*","Unofficial figure"
"FBS","Food Balances (2010-)","214","China, Taiwan Province of","511","Total Population - Both sexes","2501","Population","2019","2019","1000 persons","23774","*","Unofficial figure"
"FBS","Food Balances (2010-)","116","Democratic People's Republic of Korea","511","Total Population - Both sexes","2501","Population","2019","2019","1000 persons","25666","*","Unofficial figure"
"FBS","Food Balances (2010-)","110","Japan","511","Total Population - Both sexes","2501","Population","2019","2019","1000 persons","126860","*","Unofficial figure"
"FBS","Food Balances (2010-)","141","Mongolia","511","Total Population - Both sexes","2501","Population","2019","2019","1000 persons","3225","*","Unofficial figure"
"FBS","Food Balances (2010-)","117","Republic of Korea","511","Total Population - Both sexes","2501","Population","2019","2019","1000 persons","51225","*","Unofficial figure"
