﻿Domain Code,Domain,Area Code (FAO),Area,Element Code,Element,Item Code,Item,Year Code,Year,Unit,Value,Flag,Flag Description
"FBS","Food Balances (2010-)","57","Belarus","511","Total Population - Both sexes","2501","Population","2019","2019","1000 persons","9452","*","Unofficial figure"
"FBS","Food Balances (2010-)","27","Bulgaria","511","Total Population - Both sexes","2501","Population","2019","2019","1000 persons","7000","*","Unofficial figure"
"FBS","Food Balances (2010-)","167","Czechia","511","Total Population - Both sexes","2501","Population","2019","2019","1000 persons","10689","*","Unofficial figure"
"FBS","Food Balances (2010-)","97","Hungary","511","Total Population - Both sexes","2501","Population","2019","2019","1000 persons","9685","*","Unofficial figure"
"FBS","Food Balances (2010-)","173","Poland","511","Total Population - Both sexes","2501","Population","2019","2019","1000 persons","37888","*","Unofficial figure"
"FBS","Food Balances (2010-)","146","Republic of Moldova","511","Total Population - Both sexes","2501","Population","2019","2019","1000 persons","4043","*","Unofficial figure"
"FBS","Food Balances (2010-)","183","Romania","511","Total Population - Both sexes","2501","Population","2019","2019","1000 persons","19365","*","Unofficial figure"
"FBS","Food Balances (2010-)","185","Russian Federation","511","Total Population - Both sexes","2501","Population","2019","2019","1000 persons","145872","*","Unofficial figure"
"FBS","Food Balances (2010-)","199","Slovakia","511","Total Population - Both sexes","2501","Population","2019","2019","1000 persons","5457","*","Unofficial figure"
"FBS","Food Balances (2010-)","230","Ukraine","511","Total Population - Both sexes","2501","Population","2019","2019","1000 persons","43994","*","Unofficial figure"
