﻿Domain Code,Domain,Area Code (FAO),Area,Element Code,Element,Item Code,Item,Year Code,Year,Unit,Value,Flag,Flag Description
"FBS","Food Balances (2010-)","29","Burundi","511","Total Population - Both sexes","2501","Population","2019","2019","1000 persons","11530.58","*","Unofficial figure"
"FBS","Food Balances (2010-)","45","Comoros","511","Total Population - Both sexes","2501","Population","2019","2019","1000 persons","851","*","Unofficial figure"
"FBS","Food Balances (2010-)","72","Djibouti","511","Total Population - Both sexes","2501","Population","2019","2019","1000 persons","974","*","Unofficial figure"
"FBS","Food Balances (2010-)","238","Ethiopia","511","Total Population - Both sexes","2501","Population","2019","2019","1000 persons","112079","*","Unofficial figure"
"FBS","Food Balances (2010-)","114","Kenya","511","Total Population - Both sexes","2501","Population","2019","2019","1000 persons","52574","*","Unofficial figure"
"FBS","Food Balances (2010-)","129","Madagascar","511","Total Population - Both sexes","2501","Population","2019","2019","1000 persons","26969","*","Unofficial figure"
"FBS","Food Balances (2010-)","130","Malawi","511","Total Population - Both sexes","2501","Population","2019","2019","1000 persons","18629","*","Unofficial figure"
"FBS","Food Balances (2010-)","137","Mauritius","511","Total Population - Both sexes","2501","Population","2019","2019","1000 persons","1270","*","Unofficial figure"
"FBS","Food Balances (2010-)","144","Mozambique","511","Total Population - Both sexes","2501","Population","2019","2019","1000 persons","30366","*","Unofficial figure"
"FBS","Food Balances (2010-)","184","Rwanda","511","Total Population - Both sexes","2501","Population","2019","2019","1000 persons","12627","*","Unofficial figure"
"FBS","Food Balances (2010-)","196","Seychelles","511","Total Population - Both sexes","2501","Population","2019","2019","1000 persons","98","*","Unofficial figure"
"FBS","Food Balances (2010-)","226","Uganda","511","Total Population - Both sexes","2501","Population","2019","2019","1000 persons","44270","*","Unofficial figure"
"FBS","Food Balances (2010-)","215","United Republic of Tanzania","511","Total Population - Both sexes","2501","Population","2019","2019","1000 persons","58005","*","Unofficial figure"
"FBS","Food Balances (2010-)","251","Zambia","511","Total Population - Both sexes","2501","Population","2019","2019","1000 persons","17861","*","Unofficial figure"
"FBS","Food Balances (2010-)","181","Zimbabwe","511","Total Population - Both sexes","2501","Population","2019","2019","1000 persons","14645","*","Unofficial figure"
