﻿Domain Code,Domain,Area Code (FAO),Area,Element Code,Element,Item Code,Item,Year Code,Year,Unit,Value,Flag,Flag Description
"FBS","Food Balances (2010-)","66","Fiji","511","Total Population - Both sexes","2501","Population","2019","2019","1000 persons","890","*","Unofficial figure"
"FBS","Food Balances (2010-)","153","New Caledonia","511","Total Population - Both sexes","2501","Population","2019","2019","1000 persons","283","*","Unofficial figure"
"FBS","Food Balances (2010-)","168","Papua New Guinea","511","Total Population - Both sexes","2501","Population","2019","2019","1000 persons","8776","*","Unofficial figure"
"FBS","Food Balances (2010-)","25","Solomon Islands","511","Total Population - Both sexes","2501","Population","2019","2019","1000 persons","670","*","Unofficial figure"
"FBS","Food Balances (2010-)","155","Vanuatu","511","Total Population - Both sexes","2501","Population","2019","2019","1000 persons","300","*","Unofficial figure"
