﻿Domain Code,Domain,Area Code (FAO),Area,Element Code,Element,Item Code,Item,Year Code,Year,Unit,Value,Flag,Flag Description
"FBS","Food Balances (2010-)","115","Cambodia","511","Total Population - Both sexes","2501","Population","2019","2019","1000 persons","16487","*","Unofficial figure"
"FBS","Food Balances (2010-)","101","Indonesia","511","Total Population - Both sexes","2501","Population","2019","2019","1000 persons","270626","*","Unofficial figure"
"FBS","Food Balances (2010-)","120","Lao People's Democratic Republic","511","Total Population - Both sexes","2501","Population","2019","2019","1000 persons","7169","*","Unofficial figure"
"FBS","Food Balances (2010-)","131","Malaysia","511","Total Population - Both sexes","2501","Population","2019","2019","1000 persons","31950","*","Unofficial figure"
"FBS","Food Balances (2010-)","28","Myanmar","511","Total Population - Both sexes","2501","Population","2019","2019","1000 persons","54045","*","Unofficial figure"
"FBS","Food Balances (2010-)","171","Philippines","511","Total Population - Both sexes","2501","Population","2019","2019","1000 persons","108117","*","Unofficial figure"
"FBS","Food Balances (2010-)","216","Thailand","511","Total Population - Both sexes","2501","Population","2019","2019","1000 persons","69626","*","Unofficial figure"
"FBS","Food Balances (2010-)","176","Timor-Leste","511","Total Population - Both sexes","2501","Population","2019","2019","1000 persons","1293","*","Unofficial figure"
"FBS","Food Balances (2010-)","237","Viet Nam","511","Total Population - Both sexes","2501","Population","2019","2019","1000 persons","96462","*","Unofficial figure"
