﻿Domain Code,Domain,Area Code (FAO),Area,Element Code,Element,Item Code,Item,Year Code,Year,Unit,Value,Flag,Flag Description
"FBS","Food Balances (2010-)","20","Botswana","511","Total Population - Both sexes","2501","Population","2019","2019","1000 persons","2304","*","Unofficial figure"
"FBS","Food Balances (2010-)","209","Eswatini","511","Total Population - Both sexes","2501","Population","2019","2019","1000 persons","1148","*","Unofficial figure"
"FBS","Food Balances (2010-)","122","Lesotho","511","Total Population - Both sexes","2501","Population","2019","2019","1000 persons","2125","*","Unofficial figure"
"FBS","Food Balances (2010-)","147","Namibia","511","Total Population - Both sexes","2501","Population","2019","2019","1000 persons","2495","*","Unofficial figure"
"FBS","Food Balances (2010-)","202","South Africa","511","Total Population - Both sexes","2501","Population","2019","2019","1000 persons","58558","*","Unofficial figure"
