﻿Domain Code,Domain,Area Code (FAO),Area,Element Code,Element,Item Code,Item,Year Code,Year,Unit,Value,Flag,Flag Description
"FBS","Food Balances (2010-)","3","Albania","511","Total Population - Both sexes","2501","Population","2019","2019","1000 persons","2881","*","Unofficial figure"
"FBS","Food Balances (2010-)","80","Bosnia and Herzegovina","511","Total Population - Both sexes","2501","Population","2019","2019","1000 persons","3301","*","Unofficial figure"
"FBS","Food Balances (2010-)","98","Croatia","511","Total Population - Both sexes","2501","Population","2019","2019","1000 persons","4130","*","Unofficial figure"
"FBS","Food Balances (2010-)","84","Greece","511","Total Population - Both sexes","2501","Population","2019","2019","1000 persons","10473","*","Unofficial figure"
"FBS","Food Balances (2010-)","106","Italy","511","Total Population - Both sexes","2501","Population","2019","2019","1000 persons","60550","*","Unofficial figure"
"FBS","Food Balances (2010-)","134","Malta","511","Total Population - Both sexes","2501","Population","2019","2019","1000 persons","440","*","Unofficial figure"
"FBS","Food Balances (2010-)","273","Montenegro","511","Total Population - Both sexes","2501","Population","2019","2019","1000 persons","628","*","Unofficial figure"
"FBS","Food Balances (2010-)","154","North Macedonia","511","Total Population - Both sexes","2501","Population","2019","2019","1000 persons","2083","*","Unofficial figure"
"FBS","Food Balances (2010-)","174","Portugal","511","Total Population - Both sexes","2501","Population","2019","2019","1000 persons","10226","*","Unofficial figure"
"FBS","Food Balances (2010-)","272","Serbia","511","Total Population - Both sexes","2501","Population","2019","2019","1000 persons","8772","*","Unofficial figure"
"FBS","Food Balances (2010-)","198","Slovenia","511","Total Population - Both sexes","2501","Population","2019","2019","1000 persons","2079","*","Unofficial figure"
"FBS","Food Balances (2010-)","203","Spain","511","Total Population - Both sexes","2501","Population","2019","2019","1000 persons","46737","*","Unofficial figure"
