﻿Domain Code,Domain,Area Code (FAO),Area,Element Code,Element,Item Code,Item,Year Code,Year,Unit,Value,Flag,Flag Description
"FBS","Food Balances (2010-)","9","Argentina","511","Total Population - Both sexes","2501","Population","2019","2019","1000 persons","44781","*","Unofficial figure"
"FBS","Food Balances (2010-)","19","Bolivia (Plurinational State of)","511","Total Population - Both sexes","2501","Population","2019","2019","1000 persons","11513","*","Unofficial figure"
"FBS","Food Balances (2010-)","21","Brazil","511","Total Population - Both sexes","2501","Population","2019","2019","1000 persons","211050","*","Unofficial figure"
"FBS","Food Balances (2010-)","40","Chile","511","Total Population - Both sexes","2501","Population","2019","2019","1000 persons","18952","*","Unofficial figure"
"FBS","Food Balances (2010-)","44","Colombia","511","Total Population - Both sexes","2501","Population","2019","2019","1000 persons","50339","*","Unofficial figure"
"FBS","Food Balances (2010-)","58","Ecuador","511","Total Population - Both sexes","2501","Population","2019","2019","1000 persons","17374","*","Unofficial figure"
"FBS","Food Balances (2010-)","91","Guyana","511","Total Population - Both sexes","2501","Population","2019","2019","1000 persons","783","*","Unofficial figure"
"FBS","Food Balances (2010-)","169","Paraguay","511","Total Population - Both sexes","2501","Population","2019","2019","1000 persons","7045","*","Unofficial figure"
"FBS","Food Balances (2010-)","170","Peru","511","Total Population - Both sexes","2501","Population","2019","2019","1000 persons","32510","*","Unofficial figure"
"FBS","Food Balances (2010-)","207","Suriname","511","Total Population - Both sexes","2501","Population","2019","2019","1000 persons","581","*","Unofficial figure"
"FBS","Food Balances (2010-)","234","Uruguay","511","Total Population - Both sexes","2501","Population","2019","2019","1000 persons","3462","*","Unofficial figure"
"FBS","Food Balances (2010-)","236","Venezuela (Bolivarian Republic of)","511","Total Population - Both sexes","2501","Population","2019","2019","1000 persons","28516","*","Unofficial figure"
