﻿Domain Code,Domain,Area Code (FAO),Area,Element Code,Element,Item Code,Item,Year Code,Year,Unit,Value,Flag,Flag Description
"FBS","Food Balances (2010-)","11","Austria","511","Total Population - Both sexes","2501","Population","2019","2019","1000 persons","8955","*","Unofficial figure"
"FBS","Food Balances (2010-)","255","Belgium","511","Total Population - Both sexes","2501","Population","2019","2019","1000 persons","11539","*","Unofficial figure"
"FBS","Food Balances (2010-)","68","France","511","Total Population - Both sexes","2501","Population","2019","2019","1000 persons","65130","*","Unofficial figure"
"FBS","Food Balances (2010-)","79","Germany","511","Total Population - Both sexes","2501","Population","2019","2019","1000 persons","83517","*","Unofficial figure"
"FBS","Food Balances (2010-)","256","Luxembourg","511","Total Population - Both sexes","2501","Population","2019","2019","1000 persons","616","*","Unofficial figure"
"FBS","Food Balances (2010-)","150","Netherlands","511","Total Population - Both sexes","2501","Population","2019","2019","1000 persons","17097","*","Unofficial figure"
"FBS","Food Balances (2010-)","211","Switzerland","511","Total Population - Both sexes","2501","Population","2019","2019","1000 persons","8591","*","Unofficial figure"
