﻿Domain Code,Domain,Area Code (FAO),Area,Element Code,Element,Item Code,Item,Year Code,Year,Unit,Value,Flag,Flag Description
"FBS","Food Balances (2010-)","53","Benin","511","Total Population - Both sexes","2501","Population","2019","2019","1000 persons","11801","*","Unofficial figure"
"FBS","Food Balances (2010-)","233","Burkina Faso","511","Total Population - Both sexes","2501","Population","2019","2019","1000 persons","20321","*","Unofficial figure"
"FBS","Food Balances (2010-)","35","Cabo Verde","511","Total Population - Both sexes","2501","Population","2019","2019","1000 persons","550","*","Unofficial figure"
"FBS","Food Balances (2010-)","107","Côte d'Ivoire","511","Total Population - Both sexes","2501","Population","2019","2019","1000 persons","25717","*","Unofficial figure"
"FBS","Food Balances (2010-)","75","Gambia","511","Total Population - Both sexes","2501","Population","2019","2019","1000 persons","2348","*","Unofficial figure"
"FBS","Food Balances (2010-)","81","Ghana","511","Total Population - Both sexes","2501","Population","2019","2019","1000 persons","30418","*","Unofficial figure"
"FBS","Food Balances (2010-)","90","Guinea","511","Total Population - Both sexes","2501","Population","2019","2019","1000 persons","12771","*","Unofficial figure"
"FBS","Food Balances (2010-)","175","Guinea-Bissau","511","Total Population - Both sexes","2501","Population","2019","2019","1000 persons","1921","*","Unofficial figure"
"FBS","Food Balances (2010-)","123","Liberia","511","Total Population - Both sexes","2501","Population","2019","2019","1000 persons","4937","*","Unofficial figure"
"FBS","Food Balances (2010-)","133","Mali","511","Total Population - Both sexes","2501","Population","2019","2019","1000 persons","19658","*","Unofficial figure"
"FBS","Food Balances (2010-)","136","Mauritania","511","Total Population - Both sexes","2501","Population","2019","2019","1000 persons","4526","*","Unofficial figure"
"FBS","Food Balances (2010-)","158","Niger","511","Total Population - Both sexes","2501","Population","2019","2019","1000 persons","23311","*","Unofficial figure"
"FBS","Food Balances (2010-)","159","Nigeria","511","Total Population - Both sexes","2501","Population","2019","2019","1000 persons","200964","*","Unofficial figure"
"FBS","Food Balances (2010-)","195","Senegal","511","Total Population - Both sexes","2501","Population","2019","2019","1000 persons","16296","*","Unofficial figure"
"FBS","Food Balances (2010-)","197","Sierra Leone","511","Total Population - Both sexes","2501","Population","2019","2019","1000 persons","7813","*","Unofficial figure"
"FBS","Food Balances (2010-)","217","Togo","511","Total Population - Both sexes","2501","Population","2019","2019","1000 persons","8082","*","Unofficial figure"
